episode,timestep,reward
2,160,186.5
4,320,329.5
6,480,449.5
9,640,247.6667
11,800,276.0
13,960,390.5
15,1120,353.5
18,1280,338.0
20,1440,310.0
22,1600,355.5
25,1760,371.6667
27,1920,263.0
29,2080,439.5
31,2240,421.0
34,2400,344.0
36,2560,397.0
38,2720,381.5
41,2880,337.0
43,3040,219.0
45,3200,467.0
47,3360,297.0
50,3520,284.3333
52,3680,326.5
54,3840,337.5
57,4000,416.6667
59,4160,480.0
61,4320,473.0
63,4480,299.0
66,4640,395.3333
68,4800,307.0
70,4960,438.0
73,5120,325.0
75,5280,444.5
77,5440,392.5
79,5600,334.5
82,5760,293.3333
84,5920,412.5
86,6080,355.5
89,6240,385.0
91,6400,320.5
93,6560,432.0
95,6720,396.5
98,6880,458.6667
100,7040,426.5
102,7200,289.0
105,7360,358.3333
107,7520,386.0
109,7680,457.5
111,7840,408.5
114,8000,414.3333
116,8160,477.5
118,8320,253.0
121,8480,379.6667
123,8640,388.0
125,8800,360.0
127,8960,285.0
130,9120,388.6667
132,9280,343.5
134,9440,400.0
137,9600,333.3333
139,9760,547.0
141,9920,562.5
143,10080,283.0
146,10240,424.6667
148,10400,316.0
150,10560,489.5
153,10720,496.3333
155,10880,372.5
157,11040,477.5
159,11200,536.0
162,11360,373.0
164,11520,305.0
166,11680,485.0
169,11840,344.6667
171,12000,332.0
173,12160,433.0
175,12320,470.5
178,12480,439.3333
180,12640,407.5
182,12800,446.5
185,12960,361.6667
187,13120,430.5
189,13280,397.5
191,13440,474.5
194,13600,448.0
196,13760,490.5
198,13920,399.0
201,14080,403.6667
203,14240,445.0
205,14400,411.0
207,14560,409.5
210,14720,450.0
212,14880,483.5
214,15040,322.5
217,15200,471.0
219,15360,347.5
221,15520,482.5
223,15680,495.5
226,15840,382.6667
228,16000,440.5
230,16160,401.5
233,16320,517.6667
235,16480,470.5
237,16640,394.5
239,16800,365.0
242,16960,527.3333
244,17120,371.0
246,17280,397.5
249,17440,443.3333
251,17600,480.0
253,17760,447.0
255,17920,457.5
258,18080,387.0
260,18240,456.0
262,18400,452.5
265,18560,470.6667
267,18720,437.0
269,18880,443.5
271,19040,347.5
274,19200,456.6667
276,19360,459.0
278,19520,401.5
281,19680,534.6667
283,19840,410.5
285,20000,554.5
287,20160,485.5
290,20320,470.0
292,20480,424.5
294,20640,507.5
297,20800,496.6667
299,20960,370.0
301,21120,447.5
303,21280,523.5
306,21440,516.6667
308,21600,475.5
310,21760,459.5
313,21920,474.0
315,22080,592.0
317,22240,493.5
319,22400,462.0
322,22560,485.6667
324,22720,370.0
326,22880,389.0
329,23040,359.0
331,23200,455.0
333,23360,519.0
335,23520,493.0
338,23680,473.3333
340,23840,531.0
342,24000,565.5
345,24160,442.3333
347,24320,495.5
349,24480,526.5
351,24640,537.0
354,24800,470.6667
356,24960,474.0
358,25120,474.0
361,25280,582.3333
363,25440,499.5
365,25600,542.5
367,25760,464.5
370,25920,625.0
372,26080,405.0
374,26240,565.0
377,26400,462.3333
379,26560,517.5
381,26720,491.5
383,26880,602.0
386,27040,602.6667
388,27200,416.5
390,27360,500.5
393,27520,453.3333
395,27680,488.0
397,27840,522.0
399,28000,569.5
402,28160,513.3333
404,28320,438.5
406,28480,465.5
409,28640,514.3333
411,28800,551.5
413,28960,561.0
415,29120,487.0
418,29280,443.3333
420,29440,548.5
422,29600,561.5
425,29760,557.6667
427,29920,533.5
429,30080,470.0
431,30240,542.5
434,30400,600.0
436,30560,552.0
438,30720,575.0
441,30880,526.0
443,31040,558.0
445,31200,488.0
447,31360,468.5
450,31520,576.0
452,31680,548.0
454,31840,466.0
457,32000,581.0
459,32160,542.0
461,32320,587.5
463,32480,582.0
466,32640,495.3333
468,32800,586.5
470,32960,516.5
473,33120,597.0
475,33280,519.5
477,33440,527.5
479,33600,487.0
482,33760,435.3333
484,33920,603.0
486,34080,522.0
489,34240,550.6667
491,34400,556.0
493,34560,545.5
495,34720,631.0
498,34880,520.3333
500,35040,522.0
502,35200,588.5
505,35360,615.6667
507,35520,611.0
509,35680,658.5
511,35840,575.5
514,36000,552.3333
516,36160,602.0
518,36320,561.0
521,36480,599.0
523,36640,546.5
525,36800,537.5
527,36960,663.5
530,37120,588.0
532,37280,574.5
534,37440,550.0
537,37600,584.0
539,37760,573.0
541,37920,549.0
543,38080,591.0
546,38240,653.6667
548,38400,593.5
550,38560,587.0
553,38720,557.3333
555,38880,591.5
557,39040,618.0
559,39200,525.0
562,39360,527.0
564,39520,622.0
566,39680,573.0
569,39840,624.6667
571,40000,522.5
